{"accuracy": [0.6081081032752991, 0.0, 0.7837837934494019, 0.0, 0.8648648858070374, 0.0, 0.8986486196517944, 0.0, 0.9391891956329346, 0.0], "loss": [0.6899246573448181, 0.0, 0.5005192160606384, 0.0, 0.3995709717273712, 0.0, 0.3319041132926941, 0.0, 0.2938651442527771, 0.0], "val_accuracy": [0.6666666865348816, 0.7948718070983887, 0.7948718070983887, 0.8461538553237915, 0.8205128312110901], "val_loss": [0.6325448751449585, 0.5449056029319763, 0.4871492087841034, 0.4613054096698761, 0.44482970237731934]}